photo_id,listing_id,room_id,photo_url,photo_caption
1,20,1,https://hackreactor-restaurant-images.s3-us-west-2.amazonaws.com/newseed/18a.jpg,Id recusandae ipsum dolor aut aut mollitia aliquid ab molestiae.
2,19,21,https://hackreactor-restaurant-images.s3-us-west-2.amazonaws.com/newseed/34a.jpg,Saepe et animi tempore nam ut illo voluptate repudiandae.
3,17,21,https://hackreactor-restaurant-images.s3-us-west-2.amazonaws.com/newseed/49a.jpg,Et voluptatem debitis reiciendis.
4,15,6,https://hackreactor-restaurant-images.s3-us-west-2.amazonaws.com/newseed/1a.jpg,Ullam aut ipsum consectetur optio et ex porro excepturi odit.
5,7,23,https://hackreactor-restaurant-images.s3-us-west-2.amazonaws.com/newseed/22b.jpg,Consectetur omnis eos quisquam dolore consequatur ipsam est.
6,25,21,https://hackreactor-restaurant-images.s3-us-west-2.amazonaws.com/newseed/16a.jpg,Doloribus aut dignissimos.
7,5,11,https://hackreactor-restaurant-images.s3-us-west-2.amazonaws.com/newseed/14c.jpg,Animi porro error minus est omnis qui.
8,17,6,https://hackreactor-restaurant-images.s3-us-west-2.amazonaws.com/newseed/45c.jpg,Quia cupiditate consequatur sit atque perferendis sit repellat error.
9,16,2,https://hackreactor-restaurant-images.s3-us-west-2.amazonaws.com/newseed/48b.jpg,Neque officiis est.
10,23,5,https://hackreactor-restaurant-images.s3-us-west-2.amazonaws.com/newseed/30a.jpg,Vel doloremque cupiditate sunt.
11,23,8,https://hackreactor-restaurant-images.s3-us-west-2.amazonaws.com/newseed/48b.jpg,Excepturi natus aut ad natus adipisci.
12,9,3,https://hackreactor-restaurant-images.s3-us-west-2.amazonaws.com/newseed/1a.jpg,Nihil laboriosam quis veniam facere odio.
13,3,22,https://hackreactor-restaurant-images.s3-us-west-2.amazonaws.com/newseed/29b.jpg,Voluptatem neque et nam itaque numquam iste est velit.
14,13,20,https://hackreactor-restaurant-images.s3-us-west-2.amazonaws.com/newseed/26b.jpg,Sit adipisci qui blanditiis quod pariatur laborum reiciendis.
15,1,16,https://hackreactor-restaurant-images.s3-us-west-2.amazonaws.com/newseed/40a.jpg,Perspiciatis voluptates et blanditiis impedit.
16,15,25,https://hackreactor-restaurant-images.s3-us-west-2.amazonaws.com/newseed/1b.jpg,Illum commodi nihil fuga cum libero.
17,1,21,https://hackreactor-restaurant-images.s3-us-west-2.amazonaws.com/newseed/36c.jpg,Sit et minima quia est voluptatum rem.
18,14,17,https://hackreactor-restaurant-images.s3-us-west-2.amazonaws.com/newseed/15a.jpg,Iste inventore cumque qui et.
19,5,6,https://hackreactor-restaurant-images.s3-us-west-2.amazonaws.com/newseed/9a.jpg,Facilis pariatur numquam unde voluptatibus delectus et et eligendi.
20,4,6,https://hackreactor-restaurant-images.s3-us-west-2.amazonaws.com/newseed/44b.jpg,Quisquam accusamus rem et dolores aut.
21,10,20,https://hackreactor-restaurant-images.s3-us-west-2.amazonaws.com/newseed/33b.jpg,Nisi excepturi praesentium dolor facilis quia est.
22,25,4,https://hackreactor-restaurant-images.s3-us-west-2.amazonaws.com/newseed/5b.jpg,Iure voluptate et et non ut.
23,20,9,https://hackreactor-restaurant-images.s3-us-west-2.amazonaws.com/newseed/48a.jpg,Doloremque est maiores odio iste incidunt qui.
24,2,9,https://hackreactor-restaurant-images.s3-us-west-2.amazonaws.com/newseed/47b.jpg,Quam quia dicta corrupti explicabo voluptatem numquam sunt.
25,9,16,https://hackreactor-restaurant-images.s3-us-west-2.amazonaws.com/newseed/30a.jpg,Nam ut neque quaerat dolor unde perspiciatis debitis illum rerum.
